Line Number, Memory Usage Percentage
77,0.09837081829186037
79,20.20635417373277
89,20.20635417373277
108,20.271916970669206
124,20.304650372946405
137,20.304650372946405
