Line Number, Memory Usage Percentage
77,0.09834607025586449
79,17.66101004724265
89,17.66101004724265
108,17.726572844179085
125,18.18528844050936
138,18.18528844050936
