Line Number, Memory Usage Percentage
77,0.0983490700178034
79,17.628850099456105
89,17.628850099456105
108,17.694412896392542
136,18.28662752323976
149,18.295572688351452
