Line Number, Memory Usage Percentage
86,0.09847468504899451
88,17.73560012777386
98,17.73560012777386
117,17.801162924710294
157,20.6189873021677
169,20.6189873021677
