Line Number, Memory Usage Percentage
72,0.09846043617978478
74,17.705643380141353
84,17.705643380141353
103,17.771206177077786
113,17.80393957935498
126,17.80393957935498
