Line Number, Memory Usage Percentage
77,0.09834432039473348
79,16.1960566809418
89,16.1960566809418
108,16.261619477878238
123,16.687537677009953
136,16.72033507420851
