Line Number, Memory Usage Percentage
74,0.09838481718090852
76,16.006982935834213
86,16.006982935834213
105,16.072545732770646
115,16.10527913504784
128,16.10527913504784
