Line Number, Memory Usage Percentage
80,0.09834632023602606
82,17.638514707472815
92,17.638514707472815
111,17.70407750440925
151,20.521901881866654
163,20.521901881866654
